insert IGNORE into turtlegame1.item_type (id, name) values (1, 'Jajko'), (2, 'Jedzenie'), (3, 'Zbroja'), (4, 'Awansowanie');
insert IGNORE into turtlegame1.rarity (id, name) values (1, 'Pospolity'), (2, 'Rzadki'), (3, 'Legendarny');
insert IGNORE into turtlegame1.item (id, description, name, slot, type_id, rarity_id) values (1, 'Jajko, które jednym ruchem posyła statki na wodzie na samo dno.', 'Jajko sztormu', null, 1, 1), (2, 'Przyjrzyj się jajku, a zobaczysz jak w środku przelewa się gorąca ciecz niczym w wulkanie.', 'Jajko magmy', null, 1, 1), (3, 'Jesteś w stanie przysiąc, że wewnątrz porusza się wir.', 'Jajko tornado', null, 1, 1),
                                                                                 (4, 'Gdy patrzysz na to jajko słyszysz śpiew ptaków, szum drzew i ogarniający cię spokój.', 'Jajko rozkwitania', null, 1, 1), (5, 'Na sam widok tego jajka czujesz przygnębienie i kruchość życia.', 'Jajko śmierci', null, 1, 2), (6, 'To jajko przepełnia cię energią, jaką daje samo życie.', 'Jajko życia', null, 1, 2), (7, 'Z tego jajka bije niesamowita moc. Nigdy nie czułeś czegoś podobnego.', 'Jajko Ducha', null, 1, 3),
                                                                                 (8, 'Smakołyk nie tylko dla żółwi.', 'Jabłko', null, 2, 1), (9, 'Podobno eksploduje w ustach.', 'Jagoda', null, 2, 1), (10, 'Zielone równa się zdrowe, prawda?', 'Sałata', null, 2, 1), (11, 'Nie tylko małpy za nim szaleją.', 'Banan', null, 2, 1), (12, 'Pestki tego owocu mogą się bardzo przydać.', 'Malina', null, 2, 1),
                                                                                 (13, 'Można podawać ją z dodatkami.', 'Krewetka', null, 2, 1), (14, 'Jeśli się nie otworzył to znaczy, że jest nieśmiały...', 'Małż', null, 2, 1), (15, 'Czy ta wersja także pokazuje rogi?', 'Ślimak', null, 2, 1), (16, 'Nie wygląda apetycznie, ale musi smakować wyśmienicie.', 'Plankton', null, 2, 1), (17, 'Zawsze dobra alternatywa.', 'Pokarm z puszki', null, 2, 1),
                                                                                 (18, 'korona dzielności z metalu.', 'Hełm z miedzi', 'Hełm', 3, 1), (19, 'Broni twojej głowy z klasą.', 'Hełm ze srebra', 'Hełm', 3, 2), (20, 'Perfekcyjna ochrona w stylu królewskim.', 'Hełm ze złota', 'Hełm', 3, 3),
                                                                                 (21, 'Lekkie jak marzenia, wygodne jak ulubione chmurki.', 'Materiałowe buty', 'Buty', 3, 1), (22, 'Elegancja i trwałość w jednym.', 'Skórzane buty', 'Buty', 3, 2), (23, 'Nieustraszone, jak twoje kroki. Gotowe na każdą przygodę.', 'Stalowe buty', 'Buty', 3, 3),
                                                                                 (24, 'Gotów do cięcia drobiazgów i kształtowania smaków. Kuchenny magik w twoich rękach!', 'Nóż', 'Miecz', 3, 1), (25, 'Kompaktowa potęga, idealna do szybkich ruchów.', 'Krótki miecz', 'Miecz', 3, 2), (26, 'Mistrzyni mieczy, wdzięk zamknięty w ostrzu.', 'Katana', 'Miecz', 3, 3),
                                                                                 (27, 'Za pomocą tej różdżki może nie pokonasz Duchów, ale coś na pewno...', 'Różdżka amatora', 'Różdżka', 3, 1), (28, 'Różdżka wygląda znajomo. Na drewnie wyryto inicjały G. Sz.', 'Różdżka czarodzieja', 'Różdżka', 3, 2), (29, 'Najpotężniejsza różdżka w świecie żółwi. Jak udało ci się ją zdobyć?', 'Różdżka nekromanty', 'Różdżka', 3, 3),
                                                                                 (30, 'Zaklęty w lodowatej ziemi skarb. Przywołuje śnieżne cuda w każdym pęku.', 'Korzeń Śnieżowca', null, 4, 1), (31, 'Zielony klejnot przywołujący legendy.', 'Liść Mandragory', null, 4, 1), (32, 'Złocisty pył, który opada jak iskierki szczęścia, tworząc chodnik do krainy niekończących się marzeń.', 'Piach niebiański', null, 4, 1), (33, 'Płomień piekieł, kipiący jak gwałtowna symfonia chaosu. Czerwona rzeka z wnętrza ziemi, której żarząca moc emanuje z głębin.', 'Magma z Helvete', null, 4, 1), (34, 'Mistyczny fragment kosmicznej historii. Jego chłodne powierzchnie ukrywają sekrety nocy.', 'Kamień księżycowy', null, 4, 1),
                                                                                 (35, 'Perze mitycznego ptaka, trzymające w sobie iskrę nieśmiertelności.', 'Pióro Feniksa', null, 4, 1), (36, 'Jej kryształowe łzy rozświetlają świat, a każda kropla to krystalizacja czystości i harmonii.', 'Woda kryształowa', null, 4, 1), (37, 'Delikatne sanktuarium oceanu, w którym tajemnicze perły rodzą się jak klejnoty natury.', 'Muszla perłowa', null, 4, 1), (38, 'Kamień szlachetny, w którym zmysłowy czerwony rubin tańczy z bezdusznym blaskiem diamentu.', 'Rubin diamentowy', null, 4, 1), (39, 'Płynny raj, gdzie horyzonty przypominają roztańczone cząsteczki.', 'Ziemia wodorowa', null, 4, 1),
                                                                                 (40, 'Zieleniąca się dywanina, gdzie czarny pył ulega transformacji w świecącą zieleń.', 'Mech węglowy', null, 4, 1), (41, 'Mikroskopijne skarby natury, ukrywające w sobie magię rośliny mięsożernej.', 'Nasiona rosiczki', null, 4, 1), (42, 'Olbrzymi skarb rzek, który w swoich łuskach kryje historię wieków. To morski strażnik tajemnic i żywe dziedzictwo wód.', 'Ryba Stirone', null, 4, 1), (43, 'To jakbyś dotykał samej siły morskich fal każdym skrawkiem ciała.', 'Masa z glonów', null, 4, 1), (44, 'Jak błyskawica na niebie, przekracza granice wyobraźni, zanim przeciwnik zdąży mrugnąć okiem.', 'Strzała Behemota', null, 4, 1),
                                                                                 (45, 'Zielona esencja, w której skondensowana moc rośliny przekształca się w kroplę czystego życia.', 'Kwas Glistnika', null, 4, 1), (46, 'W grząskiej kąpieli natury, gdzie ziemia i woda tańczą swój taniec, błoto jest jak magiczny płaszcz, który odcina od zgiełku codzienności, pozostawiając uczucie odświeżenia.', 'Błoto', null, 4, 1), (47, 'Esencja boskiego dotyku w płynnej formie. Jego złocisty połysk to jak błogosławieństwo, które otula ciało i duszę.', 'Olej uświęcony', null, 4, 1), (48, 'Jego warkocze są jak strzępy ognia, a izolacja wydaje się chronić przed potężnymi ładunkami.', 'Kabel piekielny', null, 4, 1), (49, 'Lśniąca i sprytna, skóra odbija światło, jakby miała własne plany.', 'Skóra Chochlika', null, 4, 1);
insert IGNORE into turtlegame1.achievements (id, description, name) values (1, 'Wyhoduj 1 żółwia', 'Początki'), (2, 'Wyhoduj 20 żółwi', 'Duża rodzina'), (3, 'Zdobądź unikalnego żółwia', 'Unikalny'), (4, 'Wyhoduj Ducha', 'Legenda'), (5, 'Zdobądź żółwia z każdej kategorii', 'Elementals'), (6, 'Żółw osiąga 5 poziom', 'Dumny hodowca'),
                                                               (7, 'Żółw osiąga 20 poziom', 'Tak szybko dorastają'), (8, 'Nakarm żółwia 20 razy', 'Foodie'), (9, 'Wyposaż żółwia każdym elementem ubioru', 'Fashionista'), (10, 'Wyposaż żółwia w rzadkie lub legendarne przedmioty', 'O wow'), (11, 'Sprzedaj żółwia na rynku', 'Pogódź się z tym'), (12, 'Wyrusz na wyprawę', 'Pora na przygodę'),
                                                               (13, 'Wyrusz na 100 wypraw', 'Poszukiwacz przygód'), (14, 'Pokonaj 1 żółwia na arenie', 'Zwycięstwo'), (15, 'Pokonaj 20 żółwi na arenie', 'Wojownik'), (16, 'Pokonaj Ducha', 'Champion'), (17, 'Miej 5 znajomych', 'Przyjaciele'), (18, 'Zarób 1000 muszelek', 'Miliarder');
insert IGNORE into turtlegame1.expedition (id, description, min_level, name, max_gold, max_shells, shell_chance) values (1, 'Złocista skrzynia pełna gorącego piasku, gdzie fale falują jak złote morze. Wiatr tańczy wśród wydm jak płomienie, a w każdym ziarenku piasku ukryta jest opowieść o zapierającej dech pustynnej krainie.', 1, 'na pustynię Nefres', 100, 0, 0), (2, 'Błękitne królestwo, gdzie fale tańczą w rytmie nieba i ziemi. Jego woda jest jak płótno dla niebieskiego nieba, a każdy oddech przywołuje zapach soli i tajemnicy.', 1, 'na morze Hirogar', 100, 0, 0), (3, 'Majestatyczne szczyty, w których korony błyszczą jak niezliczone klejnoty. Każdy kamień, jak opowieść z górskiego serca, mówi o tajemniczym pięknie minerału.', 3, 'w góry Painite', 200, 10, 40), (4, 'Urokliwy rezerwat, w którym drzewa wdzierają się w niebo jak porcelanowe rzeźby. Ich gałęzie splecione są w subtelną harmonię, a pod słońcem białe krople światła świecą jak magiczne płatki.', 3, 'do białego lasu', 200, 10, 40), (5, 'Kraina ognia i chaosu, gdzie płomienie tańczą w rytmie niekończącej się zawieruchy. Każdy dźwięk to wrzask płonących płomieni, a atmosfera jest nasycona zapachem piekielnej energii.', 5, 'do piekła Helvete', 500, 100, 30), (6, 'Podziemny raj, w którym sufit świeci jak mroźny nieboskłon z tysiącami błyszczących diamentów. Ściany są pokryte szlachetnymi kamieniami, a każdy krok staje się wędrówką w magiczną kopalnię klejnotów.', 5, 'do jaskini diamentowej', 500, 100, 30);
insert IGNORE into turtlegame1.expedition_item (id, chance, expedition_id, max_quantity, min_quantity, item_id) values (1, 80.0, 1, 4, 1, 32), (2, 70.0, 1, 4, 1, 47), (3, 75.0, 1, 4, 1, 35), (4, 60.0, 1, 2, 1, 17), (5, 40.0, 1, 1, 1, 2), (6, 40.0, 1, 1, 1, 18), (7, 40.0, 1, 1, 1, 24),
                                                                                                           (8, 75.0, 2, 4, 1, 37), (9, 70.0, 2, 4, 1, 42), (10, 80.0, 2, 4, 1, 43), (11, 55.0, 2, 2, 1, 13), (12, 60.0, 2, 2, 1, 14), (13, 40.0, 2, 1, 1, 1), (14, 40.0, 2, 1, 1, 21), (15, 40.0, 2, 1, 1, 27),
                                                                                                           (16, 75.0, 3, 3, 1, 34), (17, 65.0, 3, 3, 1, 45), (18, 70.0, 3, 3, 1, 46), (19, 60.0, 3, 2, 1, 8), (20, 60.0, 3, 2, 1, 10), (21, 40.0, 3, 1, 1, 4), (22, 35.0, 3, 1, 1, 19), (23, 35.0, 3, 1, 1, 28),
                                                                                                           (24, 70.0, 4, 3, 1, 30), (25, 75.0, 4, 3, 1, 31), (26, 65.0, 4, 3, 1, 39), (27, 70.0, 4, 3, 1, 41), (28, 60.0, 4, 2, 1, 9), (29, 60.0, 4, 2, 1, 15), (30, 35.0, 4, 1, 1, 3), (31, 35.0, 4, 1, 1, 22), (32, 35.0, 4, 1, 1, 25),
                                                                                                           (33, 65.0, 5, 2, 1, 33), (34, 55.0, 5, 2, 1, 44), (35, 60.0, 5, 2, 1, 49), (36, 60.0, 5, 2, 1, 11), (37, 40.0, 5, 1, 1, 2), (38, 30.0, 5, 1, 1, 26), (39, 30.0, 5, 1, 1, 29),
                                                                                                           (40, 60.0, 6, 2, 1, 36), (41, 65.0, 6, 2, 1, 38), (42, 55.0, 6, 2, 1, 40), (43, 60.0, 6, 2, 1, 48), (44, 60.0, 6, 2, 1, 12), (45, 60.0, 6, 2, 1, 16), (46, 40.0, 6, 1, 1, 4), (47, 30.0, 6, 1, 1, 20), (48, 30.0, 6, 1, 1, 23);
insert IGNORE into turtlegame1.guard (id, description, name) values (1, 'Pan Śmierci to strażnik równowagi, którego oblicze kryje się w niezgłębionej głębi nieśmiertelności. Jego pancerz to mapa życia, a na grzbiecie widoczne są wizerunki przeżytych historii. Pan Śmierci to spokojny strażnik umierania.', 'Pan Śmierci'), (2, 'Kreatura, której skorupa jest jak magiczna kronika, nosząca historie o narodzinach i wzrastaniu. Jej powolne ruchy są jak takt serca natury, a każdy krok kryje w sobie siłę odrodzenia. Pani Życia to strażniczka równowagi i symbol trwałego cyklu życia.', 'Pani życia'), (3, 'Tajemnicza istota, której pancerz świeci jak mgły widmowego świata. Jego ruchy są niemal niewidzialne, a spojrzenie ukrywa starożytną mądrość. Duch to prześwitująca postać, której istnienie jest zaklęte między światami, mostem między życiem a śmiercią.', 'Duch');
insert IGNORE into turtlegame1.guard_item (id, chance, max_quantity, min_quantity, guard_id, item_id) values (1, 25, 1, 1, 1, 5), (2, 25, 1, 1, 2, 6), (3, 15, 1, 1, 3, 7);
insert IGNORE into turtlegame1.statistic (id, name) values (1, 'Kondycja'), (2, 'MP'), (3, 'Zręczność'), (4, 'Siła'), (5, 'Wytrzymałość');
/*insert IGNORE into turtlegame1.guard_statistic (id, value, guard_id, statistic_id) values (1, , 1, 1), (2, , 1, 2), (3, , 1, 3), (4, , 1, 4), (5, , 1, 5),
                                                                              (6, , 2, 1), (7, , 2, 2), (8, , 2, 3), (9, , 2, 4), (10, , 2, 5),
                                                                              (11, , 3, 1), (12, , 3, 2), (13, , 3, 3), (14, , 3, 4), (15, , 3, 5);*/
insert IGNORE into turtlegame1.item_statistic (id, value, item_id, statistic_id) values (1, 1, 8, 1), (2, 1, 9, 2), (3, 1, 10, 3), (4, 1, 11, 4), (5, 1, 12, 5), (6, 1, 13, 3), (7, 1, 14, 4), (8, 1, 15, 2), (9, 1, 16, 1), (10, 1, 17, 5), (11, 1, 18, 5), (12, 2, 19, 5), (13, 3, 20, 5), (14, 1, 21, 3), (15, 2, 22, 3), (16, 3, 23, 3), (17, 1, 24, 4), (18, 2, 25, 4), (19, 3, 26, 4), (20, 1, 27, 2), (21, 2, 28, 2), (22, 3, 29, 2);
insert IGNORE into turtlegame1.role (id, name, color) values (1, 'ADMIN', '#AC94F4'), (2, 'USER', null);
insert IGNORE into turtlegame1.training (id, name, statistic_id) values (1, 'Szkolenie kondycji', 1), (2, 'Szkolenie MP', 2), (3, 'Szkolenie zręczności', 3), (4, 'Szkolenie siły', 4), (5, 'Szkolenie wytrzymałości', 5);
insert IGNORE into turtlegame1.training_item (id, train_item_id, training_id, how_many) values (1, 31, 1, 3), (2, 38, 1, 3), (3, 40, 1, 3), (4, 42, 1, 3),
                                                                                    (5, 35, 2, 3), (6, 37, 2, 3), (7, 46, 2, 3), (8, 47, 2, 3),
                                                                                    (9, 32, 3, 3), (10, 41, 3, 3), (11, 43, 3, 3), (12, 49, 3, 3),
                                                                                    (13, 34, 4, 3), (14, 36, 4, 3), (15, 39, 4, 3), (16, 44, 4, 3),
                                                                                    (17, 30, 5, 3), (18, 33, 5, 3), (19, 45, 5, 3), (20, 48, 5, 3);
insert IGNORE into turtlegame1.turtle_type (id, description, name, rarity_id, hatching_time, egg_item_id) values (1, 'Woda', 'Sztorm', 1, 3, 1), (2, 'Ogień', 'Magma', 1, 3, 2), (3, 'Powietrze', 'Tornado', 1, 3, 3), (4, 'Ziemia', 'Rozkwitanie', 1, 3, 4), (5, 'Mrok', 'Śmierć', 2, 10, 5), (6, 'Światło', 'Życie', 2, 10, 6), (7, 'Nieśmiertelność', 'Duch', 3, 16, 7);